city,station_id,date,temp_max,temp_min,precipitation,extreme_heat_flag
Austin,USW00013904,2023-01-01,78,41,0.0,0
Austin,USW00013904,2023-01-02,83,69,0.0,0
Austin,USW00013904,2023-01-03,74,46,0.08,0
Austin,USW00013904,2023-01-04,74,37,0.0,0
Austin,USW00013904,2023-01-05,67,34,0.0,0
Austin,USW00013904,2023-01-06,79,37,0.0,0
Austin,USW00013904,2023-01-07,76,59,0.01,0
Austin,USW00013904,2023-01-08,67,41,0.0,0
Austin,USW00013904,2023-01-09,72,38,0.0,0
Austin,USW00013904,2023-01-10,81,56,0.0,0
Austin,USW00013904,2023-01-11,78,53,0.0,0
Austin,USW00013904,2023-01-12,68,46,0.0,0
Austin,USW00013904,2023-01-13,62,30,0.0,0
Austin,USW00013904,2023-01-14,65,25,0.0,0
Austin,USW00013904,2023-01-15,75,33,0.0,0
Austin,USW00013904,2023-01-16,78,46,0.0,0
Austin,USW00013904,2023-01-17,80,45,0.0,0
Austin,USW00013904,2023-01-18,77,51,0.0,0
Austin,USW00013904,2023-01-19,67,34,0.0,0
Austin,USW00013904,2023-01-20,58,43,0.0,0
Austin,USW00013904,2023-01-21,61,36,0.0,0
Austin,USW00013904,2023-01-22,61,30,0.0,0
Austin,USW00013904,2023-01-23,60,25,0.0,0
Austin,USW00013904,2023-01-24,54,43,1.23,0
Austin,USW00013904,2023-01-25,56,35,0.0,0
Austin,USW00013904,2023-01-26,56,28,0.0,0
Austin,USW00013904,2023-01-27,56,27,0.0,0
Austin,USW00013904,2023-01-28,59,48,0.14,0
Austin,USW00013904,2023-01-29,75,41,0.05,0
Austin,USW00013904,2023-01-30,41,30,0.0,0
Austin,USW00013904,2023-01-31,33,30,0.02,0
Austin,USW00013904,2023-02-01,33,30,1.12,0
Austin,USW00013904,2023-02-02,41,32,0.1,0
Austin,USW00013904,2023-02-03,50,33,0.0,0
Austin,USW00013904,2023-02-04,63,28,0.0,0
Austin,USW00013904,2023-02-05,73,34,0.0,0
Austin,USW00013904,2023-02-06,76,52,0.0,0
Austin,USW00013904,2023-02-07,71,52,0.17,0
Austin,USW00013904,2023-02-08,60,37,0.06,0
Austin,USW00013904,2023-02-09,73,35,0.0,0
Austin,USW00013904,2023-02-10,56,37,0.0,0
Austin,USW00013904,2023-02-11,59,34,0.0,0
Austin,USW00013904,2023-02-12,64,26,0.0,0
Austin,USW00013904,2023-02-13,71,34,0.0,0
Austin,USW00013904,2023-02-14,80,42,0.01,0
Austin,USW00013904,2023-02-15,80,37,0.0,0
Austin,USW00013904,2023-02-16,71,40,0.04,0
Austin,USW00013904,2023-02-17,53,25,0.0,0
Austin,USW00013904,2023-02-18,56,24,0.0,0
Austin,USW00013904,2023-02-19,75,40,0.0,0
Austin,USW00013904,2023-02-20,81,49,0.0,0
Austin,USW00013904,2023-02-21,82,55,0.0,0
Austin,USW00013904,2023-02-22,90,63,0.0,0
Austin,USW00013904,2023-02-23,79,53,0.0,0
Austin,USW00013904,2023-02-24,57,50,0.0,0
Austin,USW00013904,2023-02-25,64,46,0.0,0
Austin,USW00013904,2023-02-26,81,52,0.01,0
Austin,USW00013904,2023-02-27,81,45,0.0,0
Austin,USW00013904,2023-02-28,83,43,0.0,0
Austin,USW00013904,2023-03-01,84,69,0.0,0
Austin,USW00013904,2023-03-02,81,56,0.68,0
Austin,USW00013904,2023-03-03,73,46,0.0,0
Austin,USW00013904,2023-03-04,78,37,0.0,0
Austin,USW00013904,2023-03-05,78,46,0.0,0
Austin,USW00013904,2023-03-06,81,57,0.0,0
Austin,USW00013904,2023-03-07,80,62,0.0,0
Austin,USW00013904,2023-03-08,80,62,0.0,0
Austin,USW00013904,2023-03-09,84,59,0.0,0
Austin,USW00013904,2023-03-10,73,56,0.0,0
Austin,USW00013904,2023-03-11,88,54,0.0,0
Austin,USW00013904,2023-03-12,74,58,0.0,0
Austin,USW00013904,2023-03-13,68,50,0.0,0
Austin,USW00013904,2023-03-14,67,45,0.0,0
Austin,USW00013904,2023-03-15,74,40,0.0,0
Austin,USW00013904,2023-03-16,81,52,0.88,0
Austin,USW00013904,2023-03-17,57,41,0.02,0
Austin,USW00013904,2023-03-18,53,45,0.0,0
Austin,USW00013904,2023-03-19,59,36,0.0,0
Austin,USW00013904,2023-03-20,56,34,0.01,0
Austin,USW00013904,2023-03-21,69,52,0.21,0
Austin,USW00013904,2023-03-22,78,68,0.0,0
Austin,USW00013904,2023-03-23,81,69,0.0,0
Austin,USW00013904,2023-03-24,86,50,0.09,0
Austin,USW00013904,2023-03-25,81,45,0.0,0
Austin,USW00013904,2023-03-26,80,45,0.0,0
Austin,USW00013904,2023-03-27,77,53,0.0,0
Austin,USW00013904,2023-03-28,70,56,0.01,0
Austin,USW00013904,2023-03-29,72,52,0.0,0
Austin,USW00013904,2023-03-30,76,60,0.0,0
Austin,USW00013904,2023-03-31,86,55,0.0,0
Austin,USW00013904,2023-04-01,81,44,0.0,0
Austin,USW00013904,2023-04-02,84,54,0.0,0
Austin,USW00013904,2023-04-03,90,69,0.0,0
Austin,USW00013904,2023-04-04,86,72,0.0,0
Austin,USW00013904,2023-04-05,75,54,0.04,0
Austin,USW00013904,2023-04-06,57,47,1.88,0
Austin,USW00013904,2023-04-07,54,49,0.57,0
Austin,USW00013904,2023-04-08,62,51,0.0,0
Austin,USW00013904,2023-04-09,72,48,0.0,0
Austin,USW00013904,2023-04-10,71,50,0.0,0
Austin,USW00013904,2023-04-11,74,46,0.0,0
Austin,USW00013904,2023-04-12,77,45,0.0,0
Austin,USW00013904,2023-04-13,78,48,0.0,0
Austin,USW00013904,2023-04-14,79,53,0.0,0
Austin,USW00013904,2023-04-15,91,60,0.06,0
Austin,USW00013904,2023-04-16,73,50,0.0,0
Austin,USW00013904,2023-04-17,77,44,0.0,0
Austin,USW00013904,2023-04-18,79,61,0.0,0
Austin,USW00013904,2023-04-19,80,69,0.0,0
Austin,USW00013904,2023-04-20,87,65,0.92,0
Austin,USW00013904,2023-04-21,78,55,0.02,0
Austin,USW00013904,2023-04-22,78,49,0.0,0
Austin,USW00013904,2023-04-23,66,51,0.02,0
Austin,USW00013904,2023-04-24,69,53,0.0,0
Austin,USW00013904,2023-04-25,75,59,0.27,0
Austin,USW00013904,2023-04-26,84,62,0.69,0
Austin,USW00013904,2023-04-27,80,56,0.14,0
Austin,USW00013904,2023-04-28,83,54,0.45,0
Austin,USW00013904,2023-04-29,75,49,0.0,0
Austin,USW00013904,2023-04-30,86,48,0.0,0
Austin,USW00013904,2023-05-01,83,49,0.0,0
Austin,USW00013904,2023-05-02,80,58,0.0,0
Austin,USW00013904,2023-05-03,84,58,0.0,0
Austin,USW00013904,2023-05-04,83,60,0.0,0
Austin,USW00013904,2023-05-05,91,66,0.0,0
Austin,USW00013904,2023-05-06,89,65,0.0,0
Austin,USW00013904,2023-05-07,84,71,0.0,0
Austin,USW00013904,2023-05-08,90,67,0.0,0
Austin,USW00013904,2023-05-09,77,67,0.09,0
Austin,USW00013904,2023-05-10,81,67,0.15,0
Austin,USW00013904,2023-05-11,89,71,0.0,0
Austin,USW00013904,2023-05-12,87,75,0.01,0
Austin,USW00013904,2023-05-13,76,63,1.7,0
Austin,USW00013904,2023-05-14,84,62,0.13,0
Austin,USW00013904,2023-05-15,84,65,0.46,0
Austin,USW00013904,2023-05-16,84,66,0.0,0
Austin,USW00013904,2023-05-17,88,62,0.0,0
Austin,USW00013904,2023-05-18,89,60,0.0,0
Austin,USW00013904,2023-05-19,90,66,0.01,0
Austin,USW00013904,2023-05-20,84,68,0.05,0
Austin,USW00013904,2023-05-21,74,63,0.05,0
Austin,USW00013904,2023-05-22,85,61,0.0,0
Austin,USW00013904,2023-05-23,89,63,0.0,0
Austin,USW00013904,2023-05-24,83,64,0.81,0
Austin,USW00013904,2023-05-25,85,64,0.0,0
Austin,USW00013904,2023-05-26,86,62,0.0,0
Austin,USW00013904,2023-05-27,87,63,0.0,0
Austin,USW00013904,2023-05-28,85,67,0.0,0
Austin,USW00013904,2023-05-29,86,67,0.0,0
Austin,USW00013904,2023-05-30,89,63,0.0,0
Austin,USW00013904,2023-05-31,89,65,0.0,0
Austin,USW00013904,2023-06-01,91,66,0.0,0
Austin,USW00013904,2023-06-02,89,64,0.0,0
Austin,USW00013904,2023-06-03,91,63,0.52,0
Austin,USW00013904,2023-06-04,82,65,0.03,0
Austin,USW00013904,2023-06-05,87,66,0.27,0
Austin,USW00013904,2023-06-06,88,64,0.0,0
Austin,USW00013904,2023-06-07,89,67,0.0,0
Austin,USW00013904,2023-06-08,89,69,0.0,0
Austin,USW00013904,2023-06-09,97,65,0.0,0
Austin,USW00013904,2023-06-10,95,67,0.38,0
Austin,USW00013904,2023-06-11,96,69,0.0,0
Austin,USW00013904,2023-06-12,95,73,0.0,0
Austin,USW00013904,2023-06-13,94,77,0.0,0
Austin,USW00013904,2023-06-14,94,79,0.0,0
Austin,USW00013904,2023-06-15,98,80,0.0,0
Austin,USW00013904,2023-06-16,100,79,0.0,1
Austin,USW00013904,2023-06-17,95,78,0.0,0
Austin,USW00013904,2023-06-18,102,79,0.0,1
Austin,USW00013904,2023-06-19,101,79,0.0,1
Austin,USW00013904,2023-06-20,102,78,0.0,1
Austin,USW00013904,2023-06-21,102,73,0.97,1
Austin,USW00013904,2023-06-22,92,73,0.05,0
Austin,USW00013904,2023-06-23,95,74,0.0,0
Austin,USW00013904,2023-06-24,98,76,0.0,0
Austin,USW00013904,2023-06-25,98,78,0.0,0
Austin,USW00013904,2023-06-26,99,76,0.0,0
Austin,USW00013904,2023-06-27,99,74,0.0,0
Austin,USW00013904,2023-06-28,98,75,0.0,0
Austin,USW00013904,2023-06-29,97,76,0.0,0
Austin,USW00013904,2023-06-30,97,73,0.0,0
Austin,USW00013904,2023-07-01,99,75,0.0,0
Austin,USW00013904,2023-07-02,95,75,0.0,0
Austin,USW00013904,2023-07-03,96,74,0.0,0
Austin,USW00013904,2023-07-04,94,73,0.0,0
Austin,USW00013904,2023-07-05,95,76,0.0,0
Austin,USW00013904,2023-07-06,88,72,0.16,0
Austin,USW00013904,2023-07-07,92,71,0.0,0
Austin,USW00013904,2023-07-08,99,74,0.0,0
Austin,USW00013904,2023-07-09,100,77,0.0,1
Austin,USW00013904,2023-07-10,101,77,0.0,1
Austin,USW00013904,2023-07-11,101,77,0.0,1
Austin,USW00013904,2023-07-12,105,79,0.0,1
Austin,USW00013904,2023-07-13,104,77,0.0,1
Austin,USW00013904,2023-07-14,103,78,0.0,1
Austin,USW00013904,2023-07-15,104,76,0.0,1
Austin,USW00013904,2023-07-16,103,77,0.0,1
Austin,USW00013904,2023-07-17,103,73,0.0,1
Austin,USW00013904,2023-07-18,103,76,0.0,1
Austin,USW00013904,2023-07-19,103,76,0.0,1
Austin,USW00013904,2023-07-20,102,78,0.0,1
Austin,USW00013904,2023-07-21,101,72,0.0,1
Austin,USW00013904,2023-07-22,103,75,0.0,1
Austin,USW00013904,2023-07-23,103,77,0.0,1
Austin,USW00013904,2023-07-24,101,70,0.0,1
Austin,USW00013904,2023-07-25,101,72,0.0,1
Austin,USW00013904,2023-07-26,101,76,0.0,1
Austin,USW00013904,2023-07-27,99,72,0.0,0
Austin,USW00013904,2023-07-28,99,71,0.0,0
Austin,USW00013904,2023-07-29,101,70,0.0,1
Austin,USW00013904,2023-07-30,102,73,0.0,1
Austin,USW00013904,2023-07-31,104,73,0.0,1
Austin,USW00013904,2023-08-01,103,75,0.0,1
Austin,USW00013904,2023-08-02,105,73,0.0,1
Austin,USW00013904,2023-08-03,103,76,0.0,1
Austin,USW00013904,2023-08-04,105,78,0.0,1
Austin,USW00013904,2023-08-05,106,77,0.0,1
Austin,USW00013904,2023-08-06,105,76,0.0,1
Austin,USW00013904,2023-08-07,106,79,0.0,1
Austin,USW00013904,2023-08-08,106,78,0.0,1
Austin,USW00013904,2023-08-09,108,77,0.0,1
Austin,USW00013904,2023-08-10,107,78,0.0,1
Austin,USW00013904,2023-08-11,107,79,0.0,1
Austin,USW00013904,2023-08-12,106,79,0.0,1
Austin,USW00013904,2023-08-13,106,81,0.0,1
Austin,USW00013904,2023-08-14,107,73,0.0,1
Austin,USW00013904,2023-08-15,102,77,0.0,1
Austin,USW00013904,2023-08-16,105,70,0.0,1
Austin,USW00013904,2023-08-17,109,73,0.0,1
Austin,USW00013904,2023-08-18,107,76,0.0,1
Austin,USW00013904,2023-08-19,106,72,0.0,1
Austin,USW00013904,2023-08-20,107,75,0.0,1
Austin,USW00013904,2023-08-21,106,77,0.0,1
Austin,USW00013904,2023-08-22,100,77,0.14,1
Austin,USW00013904,2023-08-23,103,77,0.0,1
Austin,USW00013904,2023-08-24,106,75,0.0,1
Austin,USW00013904,2023-08-25,107,76,0.0,1
Austin,USW00013904,2023-08-26,106,73,0.0,1
Austin,USW00013904,2023-08-27,110,76,0.0,1
Austin,USW00013904,2023-08-28,102,74,0.0,1
Austin,USW00013904,2023-08-29,100,73,0.0,1
Austin,USW00013904,2023-08-30,101,66,0.0,1
Austin,USW00013904,2023-08-31,103,67,0.0,1
Austin,USW00013904,2023-09-01,101,69,0.0,1
Austin,USW00013904,2023-09-02,102,69,0.0,1
Austin,USW00013904,2023-09-03,102,74,0.0,1
Austin,USW00013904,2023-09-04,103,74,0.0,1
Austin,USW00013904,2023-09-05,105,80,0.0,1
Austin,USW00013904,2023-09-06,103,75,0.0,1
Austin,USW00013904,2023-09-07,106,78,0.0,1
Austin,USW00013904,2023-09-08,107,78,0.0,1
Austin,USW00013904,2023-09-09,104,77,0.0,1
Austin,USW00013904,2023-09-10,100,73,0.0,1
Austin,USW00013904,2023-09-11,99,69,0.0,0
Austin,USW00013904,2023-09-12,95,76,0.0,0
Austin,USW00013904,2023-09-13,91,72,0.16,0
Austin,USW00013904,2023-09-14,97,72,0.69,0
Austin,USW00013904,2023-09-15,92,74,0.01,0
Austin,USW00013904,2023-09-16,86,70,0.22,0
Austin,USW00013904,2023-09-17,94,68,0.0,0
Austin,USW00013904,2023-09-18,97,66,0.0,0
Austin,USW00013904,2023-09-19,97,69,0.0,0
Austin,USW00013904,2023-09-20,99,70,0.0,0
Austin,USW00013904,2023-09-21,98,73,0.0,0
Austin,USW00013904,2023-09-22,100,72,0.0,1
Austin,USW00013904,2023-09-23,101,78,0.0,1
Austin,USW00013904,2023-09-24,103,76,0.18,1
Austin,USW00013904,2023-09-25,99,75,0.0,0
Austin,USW00013904,2023-09-26,97,71,0.0,0
Austin,USW00013904,2023-09-27,94,70,0.0,0
Austin,USW00013904,2023-09-28,96,67,0.0,0
Austin,USW00013904,2023-09-29,97,68,0.0,0
Austin,USW00013904,2023-09-30,97,69,0.0,0
Austin,USW00013904,2023-10-01,96,66,0.0,0
Austin,USW00013904,2023-10-02,95,67,0.0,0
Austin,USW00013904,2023-10-03,97,64,0.0,0
Austin,USW00013904,2023-10-04,100,74,0.0,1
Austin,USW00013904,2023-10-05,81,69,1.74,0
Austin,USW00013904,2023-10-06,89,67,0.0,0
Austin,USW00013904,2023-10-07,77,58,0.0,0
Austin,USW00013904,2023-10-08,81,49,0.0,0
Austin,USW00013904,2023-10-09,85,51,0.0,0
Austin,USW00013904,2023-10-10,81,63,0.01,0
Austin,USW00013904,2023-10-11,73,65,0.0,0
Austin,USW00013904,2023-10-12,86,62,0.0,0
Austin,USW00013904,2023-10-13,93,63,0.0,0
Austin,USW00013904,2023-10-14,78,52,0.0,0
Austin,USW00013904,2023-10-15,76,52,0.0,0
Austin,USW00013904,2023-10-16,75,45,0.0,0
Austin,USW00013904,2023-10-17,78,39,0.0,0
Austin,USW00013904,2023-10-18,84,44,0.0,0
Austin,USW00013904,2023-10-19,89,53,0.0,0
Austin,USW00013904,2023-10-20,98,50,0.0,0
Austin,USW00013904,2023-10-21,95,52,0.0,0
Austin,USW00013904,2023-10-22,90,61,0.0,0
Austin,USW00013904,2023-10-23,84,70,0.86,0
Austin,USW00013904,2023-10-24,81,73,0.46,0
Austin,USW00013904,2023-10-25,86,74,0.0,0
Austin,USW00013904,2023-10-26,79,69,2.59,0
Austin,USW00013904,2023-10-27,87,75,0.04,0
Austin,USW00013904,2023-10-28,88,73,0.07,0
Austin,USW00013904,2023-10-29,78,43,0.16,0
Austin,USW00013904,2023-10-30,49,41,0.14,0
Austin,USW00013904,2023-10-31,61,38,0.0,0
Austin,USW00013904,2023-11-01,60,35,0.0,0
Austin,USW00013904,2023-11-02,67,32,0.0,0
Austin,USW00013904,2023-11-03,76,47,0.0,0
Austin,USW00013904,2023-11-04,79,48,0.0,0
Austin,USW00013904,2023-11-05,80,55,0.0,0
Austin,USW00013904,2023-11-06,81,58,0.0,0
Austin,USW00013904,2023-11-07,85,64,0.0,0
Austin,USW00013904,2023-11-08,83,68,0.0,0
Austin,USW00013904,2023-11-09,78,55,0.36,0
Austin,USW00013904,2023-11-10,58,54,0.4,0
Austin,USW00013904,2023-11-11,62,54,0.0,0
Austin,USW00013904,2023-11-12,62,56,0.38,0
Austin,USW00013904,2023-11-13,67,54,0.02,0
Austin,USW00013904,2023-11-14,72,51,0.0,0
Austin,USW00013904,2023-11-15,74,47,0.0,0
Austin,USW00013904,2023-11-16,63,46,0.0,0
Austin,USW00013904,2023-11-17,82,54,0.0,0
Austin,USW00013904,2023-11-18,70,60,0.0,0
Austin,USW00013904,2023-11-19,67,54,0.06,0
Austin,USW00013904,2023-11-20,84,61,0.0,0
Austin,USW00013904,2023-11-21,61,48,0.0,0
Austin,USW00013904,2023-11-22,67,34,0.0,0
Austin,USW00013904,2023-11-23,59,35,0.0,0
Austin,USW00013904,2023-11-24,66,36,0.0,0
Austin,USW00013904,2023-11-25,61,40,0.0,0
Austin,USW00013904,2023-11-26,57,38,0.0,0
Austin,USW00013904,2023-11-27,56,34,0.0,0
Austin,USW00013904,2023-11-28,63,39,0.0,0
Austin,USW00013904,2023-11-29,65,39,0.0,0
Austin,USW00013904,2023-11-30,74,58,0.14,0
Austin,USW00013904,2023-12-01,70,47,0.0,0
Austin,USW00013904,2023-12-02,70,41,0.0,0
Austin,USW00013904,2023-12-03,74,40,0.0,0
Austin,USW00013904,2023-12-04,69,37,0.0,0
Austin,USW00013904,2023-12-05,74,34,0.0,0
Austin,USW00013904,2023-12-06,69,36,0.0,0
Austin,USW00013904,2023-12-07,73,38,0.0,0
Austin,USW00013904,2023-12-08,75,56,0.0,0
Austin,USW00013904,2023-12-09,77,52,0.0,0
Austin,USW00013904,2023-12-10,59,29,0.0,0
Austin,USW00013904,2023-12-11,65,24,0.0,0
Austin,USW00013904,2023-12-12,70,32,0.0,0
Austin,USW00013904,2023-12-13,57,52,0.12,0
Austin,USW00013904,2023-12-14,69,48,0.0,0
Austin,USW00013904,2023-12-15,65,54,0.21,0
Austin,USW00013904,2023-12-16,65,38,0.0,0
Austin,USW00013904,2023-12-17,71,30,0.0,0
Austin,USW00013904,2023-12-18,69,35,0.0,0
Austin,USW00013904,2023-12-19,69,34,0.0,0
Austin,USW00013904,2023-12-20,73,44,0.0,0
Austin,USW00013904,2023-12-21,64,60,0.15,0
Austin,USW00013904,2023-12-22,72,59,0.02,0
Austin,USW00013904,2023-12-23,72,57,0.16,0
Austin,USW00013904,2023-12-24,75,55,1.66,0
Austin,USW00013904,2023-12-25,58,36,0.0,0
Austin,USW00013904,2023-12-26,60,30,0.0,0
Austin,USW00013904,2023-12-27,65,34,0.0,0
Austin,USW00013904,2023-12-28,61,34,0.0,0
Austin,USW00013904,2023-12-29,61,33,0.0,0
Austin,USW00013904,2023-12-30,69,29,0.0,0
Austin,USW00013904,2023-12-31,73,32,0.0,0
Dallas,USW00003927,2023-01-01,78,51,0.0,0
Dallas,USW00003927,2023-01-02,78,64,0.0,0
Dallas,USW00003927,2023-01-03,69,44,0.0,0
Dallas,USW00003927,2023-01-04,59,37,0.0,0
Dallas,USW00003927,2023-01-05,62,36,0.0,0
Dallas,USW00003927,2023-01-06,70,40,0.0,0
Dallas,USW00003927,2023-01-07,64,49,0.0,0
Dallas,USW00003927,2023-01-08,61,40,0.0,0
Dallas,USW00003927,2023-01-09,70,36,0.0,0
Dallas,USW00003927,2023-01-10,83,44,0.0,0
Dallas,USW00003927,2023-01-11,85,55,0.0,0
Dallas,USW00003927,2023-01-12,69,40,0.0,0
Dallas,USW00003927,2023-01-13,58,33,0.0,0
Dallas,USW00003927,2023-01-14,64,36,0.0,0
Dallas,USW00003927,2023-01-15,71,47,0.0,0
Dallas,USW00003927,2023-01-16,76,57,0.0,0
Dallas,USW00003927,2023-01-17,79,49,0.0,0
Dallas,USW00003927,2023-01-18,72,57,0.0,0
Dallas,USW00003927,2023-01-19,61,43,0.0,0
Dallas,USW00003927,2023-01-20,63,39,0.0,0
Dallas,USW00003927,2023-01-21,59,45,0.0,0
Dallas,USW00003927,2023-01-22,54,37,0.0,0
Dallas,USW00003927,2023-01-23,55,33,0.0,0
Dallas,USW00003927,2023-01-24,49,35,1.02,0
Dallas,USW00003927,2023-01-25,44,37,0.0,0
Dallas,USW00003927,2023-01-26,54,32,0.0,0
Dallas,USW00003927,2023-01-27,63,31,0.0,0
Dallas,USW00003927,2023-01-28,70,45,0.0,0
Dallas,USW00003927,2023-01-29,59,30,0.0,0
Dallas,USW00003927,2023-01-30,30,26,0.01,0
Dallas,USW00003927,2023-01-31,29,25,0.35,0
Dallas,USW00003927,2023-02-01,31,28,0.28,0
Dallas,USW00003927,2023-02-02,35,31,0.41,0
Dallas,USW00003927,2023-02-03,53,30,0.0,0
Dallas,USW00003927,2023-02-04,58,32,0.0,0
Dallas,USW00003927,2023-02-05,70,42,0.0,0
Dallas,USW00003927,2023-02-06,74,47,0.0,0
Dallas,USW00003927,2023-02-07,64,47,1.1,0
Dallas,USW00003927,2023-02-08,49,39,1.11,0
Dallas,USW00003927,2023-02-09,64,33,0.0,0
Dallas,USW00003927,2023-02-10,50,37,0.0,0
Dallas,USW00003927,2023-02-11,56,35,0.0,0
Dallas,USW00003927,2023-02-12,68,34,0.0,0
Dallas,USW00003927,2023-02-13,66,41,0.0,0
Dallas,USW00003927,2023-02-14,71,52,0.58,0
Dallas,USW00003927,2023-02-15,77,45,0.0,0
Dallas,USW00003927,2023-02-16,57,36,0.0,0
Dallas,USW00003927,2023-02-17,51,31,0.0,0
Dallas,USW00003927,2023-02-18,53,30,0.0,0
Dallas,USW00003927,2023-02-19,72,41,0.0,0
Dallas,USW00003927,2023-02-20,80,56,0.0,0
Dallas,USW00003927,2023-02-21,90,60,0.0,0
Dallas,USW00003927,2023-02-22,81,59,0.4,0
Dallas,USW00003927,2023-02-23,67,45,0.0,0
Dallas,USW00003927,2023-02-24,49,42,0.0,0
Dallas,USW00003927,2023-02-25,49,39,0.01,0
Dallas,USW00003927,2023-02-26,78,47,0.02,0
Dallas,USW00003927,2023-02-27,75,54,0.06,0
Dallas,USW00003927,2023-02-28,85,48,0.0,0
Dallas,USW00003927,2023-03-01,71,57,0.04,0
Dallas,USW00003927,2023-03-02,82,54,0.59,0
Dallas,USW00003927,2023-03-03,66,46,0.19,0
Dallas,USW00003927,2023-03-04,77,43,0.0,0
Dallas,USW00003927,2023-03-05,79,50,0.0,0
Dallas,USW00003927,2023-03-06,82,58,0.0,0
Dallas,USW00003927,2023-03-07,74,58,0.0,0
Dallas,USW00003927,2023-03-08,63,52,0.01,0
Dallas,USW00003927,2023-03-09,70,54,0.52,0
Dallas,USW00003927,2023-03-10,67,46,0.0,0
Dallas,USW00003927,2023-03-11,88,56,0.0,0
Dallas,USW00003927,2023-03-12,66,50,0.0,0
Dallas,USW00003927,2023-03-13,60,46,0.0,0
Dallas,USW00003927,2023-03-14,63,39,0.0,0
Dallas,USW00003927,2023-03-15,69,43,0.0,0
Dallas,USW00003927,2023-03-16,71,44,0.95,0
Dallas,USW00003927,2023-03-17,54,40,0.0,0
Dallas,USW00003927,2023-03-18,56,38,0.0,0
Dallas,USW00003927,2023-03-19,53,31,0.0,0
Dallas,USW00003927,2023-03-20,55,37,0.0,0
Dallas,USW00003927,2023-03-21,69,50,0.04,0
Dallas,USW00003927,2023-03-22,83,66,0.0,0
Dallas,USW00003927,2023-03-23,86,69,0.0,0
Dallas,USW00003927,2023-03-24,76,61,0.38,0
Dallas,USW00003927,2023-03-25,77,52,0.0,0
Dallas,USW00003927,2023-03-26,79,50,0.0,0
Dallas,USW00003927,2023-03-27,72,47,0.03,0
Dallas,USW00003927,2023-03-28,64,49,0.0,0
Dallas,USW00003927,2023-03-29,66,49,0.0,0
Dallas,USW00003927,2023-03-30,73,60,0.01,0
Dallas,USW00003927,2023-03-31,88,67,0.0,0
Dallas,USW00003927,2023-04-01,76,55,0.0,0
Dallas,USW00003927,2023-04-02,80,55,0.6,0
Dallas,USW00003927,2023-04-03,94,64,0.0,0
Dallas,USW00003927,2023-04-04,82,72,0.0,0
Dallas,USW00003927,2023-04-05,77,52,0.0,0
Dallas,USW00003927,2023-04-06,59,49,0.0,0
Dallas,USW00003927,2023-04-07,63,53,0.0,0
Dallas,USW00003927,2023-04-08,74,55,0.0,0
Dallas,USW00003927,2023-04-09,73,54,0.0,0
Dallas,USW00003927,2023-04-10,76,55,0.0,0
Dallas,USW00003927,2023-04-11,77,53,0.0,0
Dallas,USW00003927,2023-04-12,79,54,0.0,0
Dallas,USW00003927,2023-04-13,80,54,0.0,0
Dallas,USW00003927,2023-04-14,81,60,0.0,0
Dallas,USW00003927,2023-04-15,81,58,0.0,0
Dallas,USW00003927,2023-04-16,74,50,0.0,0
Dallas,USW00003927,2023-04-17,82,49,0.0,0
Dallas,USW00003927,2023-04-18,76,61,0.0,0
Dallas,USW00003927,2023-04-19,85,66,0.0,0
Dallas,USW00003927,2023-04-20,85,62,0.94,0
Dallas,USW00003927,2023-04-21,77,56,0.0,0
Dallas,USW00003927,2023-04-22,73,52,0.0,0
Dallas,USW00003927,2023-04-23,59,47,0.1,0
Dallas,USW00003927,2023-04-24,70,45,0.0,0
Dallas,USW00003927,2023-04-25,73,59,0.01,0
Dallas,USW00003927,2023-04-26,64,55,1.41,0
Dallas,USW00003927,2023-04-27,69,55,0.0,0
Dallas,USW00003927,2023-04-28,72,49,0.06,0
Dallas,USW00003927,2023-04-29,73,53,0.0,0
Dallas,USW00003927,2023-04-30,83,49,0.0,0
Dallas,USW00003927,2023-05-01,78,53,0.0,0
Dallas,USW00003927,2023-05-02,83,53,0.0,0
Dallas,USW00003927,2023-05-03,83,64,0.0,0
Dallas,USW00003927,2023-05-04,85,63,0.0,0
Dallas,USW00003927,2023-05-05,96,69,0.0,0
Dallas,USW00003927,2023-05-06,88,68,0.19,0
Dallas,USW00003927,2023-05-07,88,68,0.01,0
Dallas,USW00003927,2023-05-08,90,70,0.1,0
Dallas,USW00003927,2023-05-09,85,69,0.0,0
Dallas,USW00003927,2023-05-10,75,66,0.32,0
Dallas,USW00003927,2023-05-11,88,65,0.01,0
Dallas,USW00003927,2023-05-12,91,76,0.0,0
Dallas,USW00003927,2023-05-13,85,69,0.0,0
Dallas,USW00003927,2023-05-14,75,69,0.44,0
Dallas,USW00003927,2023-05-15,87,68,0.0,0
Dallas,USW00003927,2023-05-16,80,67,0.0,0
Dallas,USW00003927,2023-05-17,84,61,0.0,0
Dallas,USW00003927,2023-05-18,88,64,0.0,0
Dallas,USW00003927,2023-05-19,93,71,0.94,0
Dallas,USW00003927,2023-05-20,78,63,0.0,0
Dallas,USW00003927,2023-05-21,76,61,0.0,0
Dallas,USW00003927,2023-05-22,84,61,0.0,0
Dallas,USW00003927,2023-05-23,85,68,0.0,0
Dallas,USW00003927,2023-05-24,87,67,0.1,0
Dallas,USW00003927,2023-05-25,85,67,0.0,0
Dallas,USW00003927,2023-05-26,87,68,0.0,0
Dallas,USW00003927,2023-05-27,86,69,0.0,0
Dallas,USW00003927,2023-05-28,87,67,0.16,0
Dallas,USW00003927,2023-05-29,90,68,0.0,0
Dallas,USW00003927,2023-05-30,89,66,0.08,0
Dallas,USW00003927,2023-05-31,90,66,0.0,0
Dallas,USW00003927,2023-06-01,89,71,0.0,0
Dallas,USW00003927,2023-06-02,92,70,0.0,0
Dallas,USW00003927,2023-06-03,93,67,0.0,0
Dallas,USW00003927,2023-06-04,88,66,0.0,0
Dallas,USW00003927,2023-06-05,87,67,0.0,0
Dallas,USW00003927,2023-06-06,90,69,0.0,0
Dallas,USW00003927,2023-06-07,92,69,0.0,0
Dallas,USW00003927,2023-06-08,92,69,0.0,0
Dallas,USW00003927,2023-06-09,97,70,0.0,0
Dallas,USW00003927,2023-06-10,94,74,0.0,0
Dallas,USW00003927,2023-06-11,99,71,0.08,0
Dallas,USW00003927,2023-06-12,87,69,0.0,0
Dallas,USW00003927,2023-06-13,79,69,0.55,0
Dallas,USW00003927,2023-06-14,91,74,0.0,0
Dallas,USW00003927,2023-06-15,93,75,0.0,0
Dallas,USW00003927,2023-06-16,97,72,0.0,0
Dallas,USW00003927,2023-06-17,96,74,0.0,0
Dallas,USW00003927,2023-06-18,94,75,0.0,0
Dallas,USW00003927,2023-06-19,99,74,0.0,0
Dallas,USW00003927,2023-06-20,98,81,0.0,0
Dallas,USW00003927,2023-06-21,92,79,0.14,0
Dallas,USW00003927,2023-06-22,90,78,0.01,0
Dallas,USW00003927,2023-06-23,93,77,0.0,0
Dallas,USW00003927,2023-06-24,99,75,0.0,0
Dallas,USW00003927,2023-06-25,101,81,0.0,1
Dallas,USW00003927,2023-06-26,101,82,0.0,1
Dallas,USW00003927,2023-06-27,102,80,0.0,1
Dallas,USW00003927,2023-06-28,101,79,0.0,1
Dallas,USW00003927,2023-06-29,101,80,0.0,1
Dallas,USW00003927,2023-06-30,98,80,0.0,0
Dallas,USW00003927,2023-07-01,89,78,0.0,0
Dallas,USW00003927,2023-07-02,92,73,0.0,0
Dallas,USW00003927,2023-07-03,100,75,0.0,1
Dallas,USW00003927,2023-07-04,99,74,0.0,0
Dallas,USW00003927,2023-07-05,98,80,0.0,0
Dallas,USW00003927,2023-07-06,97,80,0.0,0
Dallas,USW00003927,2023-07-07,96,78,0.0,0
Dallas,USW00003927,2023-07-08,98,79,0.0,0
Dallas,USW00003927,2023-07-09,90,74,0.12,0
Dallas,USW00003927,2023-07-10,98,78,0.0,0
Dallas,USW00003927,2023-07-11,97,77,0.03,0
Dallas,USW00003927,2023-07-12,105,82,0.0,1
Dallas,USW00003927,2023-07-13,104,81,0.0,1
Dallas,USW00003927,2023-07-14,103,84,0.0,1
Dallas,USW00003927,2023-07-15,101,83,0.0,1
Dallas,USW00003927,2023-07-16,88,74,0.32,0
Dallas,USW00003927,2023-07-17,106,74,0.0,1
Dallas,USW00003927,2023-07-18,108,82,0.0,1
Dallas,USW00003927,2023-07-19,105,83,0.0,1
Dallas,USW00003927,2023-07-20,104,83,0.0,1
Dallas,USW00003927,2023-07-21,103,82,0.0,1
Dallas,USW00003927,2023-07-22,93,77,0.0,0
Dallas,USW00003927,2023-07-23,98,73,0.0,0
Dallas,USW00003927,2023-07-24,102,76,0.0,1
Dallas,USW00003927,2023-07-25,104,78,0.0,1
Dallas,USW00003927,2023-07-26,102,81,0.0,1
Dallas,USW00003927,2023-07-27,101,82,0.0,1
Dallas,USW00003927,2023-07-28,102,81,0.0,1
Dallas,USW00003927,2023-07-29,103,80,0.0,1
Dallas,USW00003927,2023-07-30,104,79,0.0,1
Dallas,USW00003927,2023-07-31,105,80,0.0,1
Dallas,USW00003927,2023-08-01,107,81,0.0,1
Dallas,USW00003927,2023-08-02,106,83,0.0,1
Dallas,USW00003927,2023-08-03,105,85,0.0,1
Dallas,USW00003927,2023-08-04,105,85,0.0,1
Dallas,USW00003927,2023-08-05,107,85,0.0,1
Dallas,USW00003927,2023-08-06,104,85,0.0,1
Dallas,USW00003927,2023-08-07,104,86,0.0,1
Dallas,USW00003927,2023-08-08,103,86,0.0,1
Dallas,USW00003927,2023-08-09,107,83,0.0,1
Dallas,USW00003927,2023-08-10,107,85,0.0,1
Dallas,USW00003927,2023-08-11,107,84,0.0,1
Dallas,USW00003927,2023-08-12,106,83,0.0,1
Dallas,USW00003927,2023-08-13,106,84,0.0,1
Dallas,USW00003927,2023-08-14,99,80,0.0,0
Dallas,USW00003927,2023-08-15,94,74,0.0,0
Dallas,USW00003927,2023-08-16,97,71,0.0,0
Dallas,USW00003927,2023-08-17,109,74,0.0,1
Dallas,USW00003927,2023-08-18,109,82,0.0,1
Dallas,USW00003927,2023-08-19,108,85,0.0,1
Dallas,USW00003927,2023-08-20,109,83,0.0,1
Dallas,USW00003927,2023-08-21,106,82,0.0,1
Dallas,USW00003927,2023-08-22,103,82,0.0,1
Dallas,USW00003927,2023-08-23,103,83,0.0,1
Dallas,USW00003927,2023-08-24,107,84,0.0,1
Dallas,USW00003927,2023-08-25,110,85,0.0,1
Dallas,USW00003927,2023-08-26,110,85,0.0,1
Dallas,USW00003927,2023-08-27,101,78,0.0,1
Dallas,USW00003927,2023-08-28,95,78,0.0,0
Dallas,USW00003927,2023-08-29,98,75,0.0,0
Dallas,USW00003927,2023-08-30,98,77,0.0,0
Dallas,USW00003927,2023-08-31,99,75,0.0,0
Dallas,USW00003927,2023-09-01,98,77,0.0,0
Dallas,USW00003927,2023-09-02,98,71,0.0,0
Dallas,USW00003927,2023-09-03,100,77,0.2,1
Dallas,USW00003927,2023-09-04,100,77,0.0,1
Dallas,USW00003927,2023-09-05,104,81,0.0,1
Dallas,USW00003927,2023-09-06,105,83,0.0,1
Dallas,USW00003927,2023-09-07,107,81,0.0,1
Dallas,USW00003927,2023-09-08,110,78,0.03,1
Dallas,USW00003927,2023-09-09,97,77,0.0,0
Dallas,USW00003927,2023-09-10,94,71,0.0,0
Dallas,USW00003927,2023-09-11,91,71,0.02,0
Dallas,USW00003927,2023-09-12,84,71,0.0,0
Dallas,USW00003927,2023-09-13,84,70,0.03,0
Dallas,USW00003927,2023-09-14,76,70,0.03,0
Dallas,USW00003927,2023-09-15,84,70,0.0,0
Dallas,USW00003927,2023-09-16,88,69,0.0,0
Dallas,USW00003927,2023-09-17,91,69,0.0,0
Dallas,USW00003927,2023-09-18,94,66,0.0,0
Dallas,USW00003927,2023-09-19,96,70,0.29,0
Dallas,USW00003927,2023-09-20,94,71,0.0,0
Dallas,USW00003927,2023-09-21,96,76,0.0,0
Dallas,USW00003927,2023-09-22,98,79,0.0,0
Dallas,USW00003927,2023-09-23,101,79,0.0,1
Dallas,USW00003927,2023-09-24,102,75,0.23,1
Dallas,USW00003927,2023-09-25,92,72,0.0,0
Dallas,USW00003927,2023-09-26,96,72,0.0,0
Dallas,USW00003927,2023-09-27,96,71,0.0,0
Dallas,USW00003927,2023-09-28,97,72,0.0,0
Dallas,USW00003927,2023-09-29,96,73,0.0,0
Dallas,USW00003927,2023-09-30,94,73,0.0,0
Dallas,USW00003927,2023-10-01,93,69,0.0,0
Dallas,USW00003927,2023-10-02,92,71,0.0,0
Dallas,USW00003927,2023-10-03,92,71,0.0,0
Dallas,USW00003927,2023-10-04,96,70,0.94,0
Dallas,USW00003927,2023-10-05,85,70,0.1,0
Dallas,USW00003927,2023-10-06,87,64,0.0,0
Dallas,USW00003927,2023-10-07,72,57,0.0,0
Dallas,USW00003927,2023-10-08,80,52,0.0,0
Dallas,USW00003927,2023-10-09,89,58,0.0,0
Dallas,USW00003927,2023-10-10,85,62,0.0,0
Dallas,USW00003927,2023-10-11,76,65,0.0,0
Dallas,USW00003927,2023-10-12,81,64,0.0,0
Dallas,USW00003927,2023-10-13,79,64,0.0,0
Dallas,USW00003927,2023-10-14,72,54,0.0,0
Dallas,USW00003927,2023-10-15,68,51,0.0,0
Dallas,USW00003927,2023-10-16,67,48,0.0,0
Dallas,USW00003927,2023-10-17,74,44,0.0,0
Dallas,USW00003927,2023-10-18,82,55,0.0,0
Dallas,USW00003927,2023-10-19,87,56,0.0,0
Dallas,USW00003927,2023-10-20,93,57,0.0,0
Dallas,USW00003927,2023-10-21,91,59,0.0,0
Dallas,USW00003927,2023-10-22,85,64,0.0,0
Dallas,USW00003927,2023-10-23,82,69,0.65,0
Dallas,USW00003927,2023-10-24,74,72,1.08,0
Dallas,USW00003927,2023-10-25,80,68,2.54,0
Dallas,USW00003927,2023-10-26,83,68,1.54,0
Dallas,USW00003927,2023-10-27,88,62,0.06,0
Dallas,USW00003927,2023-10-28,62,55,1.87,0
Dallas,USW00003927,2023-10-29,55,40,0.24,0
Dallas,USW00003927,2023-10-30,50,38,0.61,0
Dallas,USW00003927,2023-10-31,62,34,0.0,0
Dallas,USW00003927,2023-11-01,56,33,0.0,0
Dallas,USW00003927,2023-11-02,64,36,0.0,0
Dallas,USW00003927,2023-11-03,72,44,0.0,0
Dallas,USW00003927,2023-11-04,74,51,0.0,0
Dallas,USW00003927,2023-11-05,81,58,0.0,0
Dallas,USW00003927,2023-11-06,83,65,0.0,0
Dallas,USW00003927,2023-11-07,85,64,0.0,0
Dallas,USW00003927,2023-11-08,86,68,0.0,0
Dallas,USW00003927,2023-11-09,73,52,0.24,0
Dallas,USW00003927,2023-11-10,61,51,0.0,0
Dallas,USW00003927,2023-11-11,66,53,0.0,0
Dallas,USW00003927,2023-11-12,65,51,0.0,0
Dallas,USW00003927,2023-11-13,66,50,0.0,0
Dallas,USW00003927,2023-11-14,70,51,0.0,0
Dallas,USW00003927,2023-11-15,73,50,0.0,0
Dallas,USW00003927,2023-11-16,61,52,0.0,0
Dallas,USW00003927,2023-11-17,62,57,0.0,0
Dallas,USW00003927,2023-11-18,71,53,0.0,0
Dallas,USW00003927,2023-11-19,65,53,0.03,0
Dallas,USW00003927,2023-11-20,76,54,0.0,0
Dallas,USW00003927,2023-11-21,60,44,0.0,0
Dallas,USW00003927,2023-11-22,63,39,0.0,0
Dallas,USW00003927,2023-11-23,64,40,0.0,0
Dallas,USW00003927,2023-11-24,64,40,0.0,0
Dallas,USW00003927,2023-11-25,61,41,0.14,0
Dallas,USW00003927,2023-11-26,52,35,0.0,0
Dallas,USW00003927,2023-11-27,54,32,0.0,0
Dallas,USW00003927,2023-11-28,63,38,0.0,0
Dallas,USW00003927,2023-11-29,65,38,0.0,0
Dallas,USW00003927,2023-11-30,63,54,0.06,0
Dallas,USW00003927,2023-12-01,61,43,0.0,0
Dallas,USW00003927,2023-12-02,66,39,0.0,0
Dallas,USW00003927,2023-12-03,74,38,0.0,0
Dallas,USW00003927,2023-12-04,64,42,0.0,0
Dallas,USW00003927,2023-12-05,71,39,0.0,0
Dallas,USW00003927,2023-12-06,66,41,0.0,0
Dallas,USW00003927,2023-12-07,71,48,0.0,0
Dallas,USW00003927,2023-12-08,80,60,0.0,0
Dallas,USW00003927,2023-12-09,66,44,0.0,0
Dallas,USW00003927,2023-12-10,53,35,0.0,0
Dallas,USW00003927,2023-12-11,65,35,0.0,0
Dallas,USW00003927,2023-12-12,65,40,0.0,0
Dallas,USW00003927,2023-12-13,63,46,0.0,0
Dallas,USW00003927,2023-12-14,63,42,0.0,0
Dallas,USW00003927,2023-12-15,59,47,0.6,0
Dallas,USW00003927,2023-12-16,59,42,0.0,0
Dallas,USW00003927,2023-12-17,72,37,0.0,0
Dallas,USW00003927,2023-12-18,63,44,0.0,0
Dallas,USW00003927,2023-12-19,60,37,0.0,0
Dallas,USW00003927,2023-12-20,67,44,0.0,0
Dallas,USW00003927,2023-12-21,60,56,1.16,0
Dallas,USW00003927,2023-12-22,68,56,0.07,0
Dallas,USW00003927,2023-12-23,65,60,0.19,0
Dallas,USW00003927,2023-12-24,66,47,1.53,0
Dallas,USW00003927,2023-12-25,51,37,0.0,0
Dallas,USW00003927,2023-12-26,56,31,0.0,0
Dallas,USW00003927,2023-12-27,51,37,0.0,0
Dallas,USW00003927,2023-12-28,50,35,0.0,0
Dallas,USW00003927,2023-12-29,56,34,0.0,0
Dallas,USW00003927,2023-12-30,66,33,0.0,0
Dallas,USW00003927,2023-12-31,67,38,0.0,0
Houston,USW00012960,2023-01-01,79,59,0.0,0
Houston,USW00012960,2023-01-02,76,71,0.13,0
Houston,USW00012960,2023-01-03,78,58,0.12,0
Houston,USW00012960,2023-01-04,72,48,0.0,0
Houston,USW00012960,2023-01-05,72,43,0.0,0
Houston,USW00012960,2023-01-06,79,47,0.0,0
Houston,USW00012960,2023-01-07,81,57,0.35,0
Houston,USW00012960,2023-01-08,70,50,0.16,0
Houston,USW00012960,2023-01-09,68,45,0.0,0
Houston,USW00012960,2023-01-10,76,58,0.0,0
Houston,USW00012960,2023-01-11,80,63,0.0,0
Houston,USW00012960,2023-01-12,71,50,0.03,0
Houston,USW00012960,2023-01-13,63,42,0.0,0
Houston,USW00012960,2023-01-14,62,34,0.0,0
Houston,USW00012960,2023-01-15,73,43,0.0,0
Houston,USW00012960,2023-01-16,76,63,0.0,0
Houston,USW00012960,2023-01-17,80,63,0.0,0
Houston,USW00012960,2023-01-18,79,51,0.0,0
Houston,USW00012960,2023-01-19,72,46,0.0,0
Houston,USW00012960,2023-01-20,53,48,0.1,0
Houston,USW00012960,2023-01-21,53,48,0.12,0
Houston,USW00012960,2023-01-22,61,40,0.0,0
Houston,USW00012960,2023-01-23,59,35,0.0,0
Houston,USW00012960,2023-01-24,60,45,4.05,0
Houston,USW00012960,2023-01-25,52,38,0.0,0
Houston,USW00012960,2023-01-26,58,35,0.0,0
Houston,USW00012960,2023-01-27,56,34,0.0,0
Houston,USW00012960,2023-01-28,70,55,0.17,0
Houston,USW00012960,2023-01-29,74,51,1.33,0
Houston,USW00012960,2023-01-30,51,36,0.02,0
Houston,USW00012960,2023-01-31,43,36,0.0,0
Houston,USW00012960,2023-02-01,40,36,0.13,0
Houston,USW00012960,2023-02-02,41,38,0.87,0
Houston,USW00012960,2023-02-03,59,39,0.0,0
Houston,USW00012960,2023-02-04,63,35,0.0,0
Houston,USW00012960,2023-02-05,74,45,0.0,0
Houston,USW00012960,2023-02-06,73,49,0.0,0
Houston,USW00012960,2023-02-07,74,58,0.0,0
Houston,USW00012960,2023-02-08,78,44,0.31,0
Houston,USW00012960,2023-02-09,72,40,0.0,0
Houston,USW00012960,2023-02-10,59,42,0.0,0
Houston,USW00012960,2023-02-11,54,39,0.0,0
Houston,USW00012960,2023-02-12,65,38,0.0,0
Houston,USW00012960,2023-02-13,73,40,0.0,0
Houston,USW00012960,2023-02-14,80,60,0.03,0
Houston,USW00012960,2023-02-15,78,64,0.0,0
Houston,USW00012960,2023-02-16,72,45,0.05,0
Houston,USW00012960,2023-02-17,54,36,0.0,0
Houston,USW00012960,2023-02-18,55,33,0.0,0
Houston,USW00012960,2023-02-19,75,43,0.0,0
Houston,USW00012960,2023-02-20,79,63,0.01,0
Houston,USW00012960,2023-02-21,82,69,0.0,0
Houston,USW00012960,2023-02-22,81,70,0.07,0
Houston,USW00012960,2023-02-23,83,70,0.0,0
Houston,USW00012960,2023-02-24,79,69,0.0,0
Houston,USW00012960,2023-02-25,82,62,0.02,0
Houston,USW00012960,2023-02-26,82,70,0.0,0
Houston,USW00012960,2023-02-27,84,59,0.0,0
Houston,USW00012960,2023-02-28,84,56,0.0,0
Houston,USW00012960,2023-03-01,84,71,0.0,0
Houston,USW00012960,2023-03-02,79,65,0.08,0
Houston,USW00012960,2023-03-03,72,53,0.0,0
Houston,USW00012960,2023-03-04,80,46,0.0,0
Houston,USW00012960,2023-03-05,78,50,0.0,0
Houston,USW00012960,2023-03-06,83,55,0.0,0
Houston,USW00012960,2023-03-07,83,67,0.0,0
Houston,USW00012960,2023-03-08,87,66,0.0,0
Houston,USW00012960,2023-03-09,86,62,0.0,0
Houston,USW00012960,2023-03-10,79,63,0.01,0
Houston,USW00012960,2023-03-11,86,63,0.0,0
Houston,USW00012960,2023-03-12,84,59,0.0,0
Houston,USW00012960,2023-03-13,71,53,0.0,0
Houston,USW00012960,2023-03-14,67,50,0.0,0
Houston,USW00012960,2023-03-15,70,44,0.0,0
Houston,USW00012960,2023-03-16,75,63,0.21,0
Houston,USW00012960,2023-03-17,72,45,0.76,0
Houston,USW00012960,2023-03-18,56,47,0.0,0
Houston,USW00012960,2023-03-19,59,39,0.0,0
Houston,USW00012960,2023-03-20,56,37,0.0,0
Houston,USW00012960,2023-03-21,73,53,0.0,0
Houston,USW00012960,2023-03-22,83,68,0.0,0
Houston,USW00012960,2023-03-23,85,71,0.0,0
Houston,USW00012960,2023-03-24,83,70,0.01,0
Houston,USW00012960,2023-03-25,85,60,0.0,0
Houston,USW00012960,2023-03-26,82,54,0.07,0
Houston,USW00012960,2023-03-27,77,63,0.0,0
Houston,USW00012960,2023-03-28,77,62,0.0,0
Houston,USW00012960,2023-03-29,68,56,0.01,0
Houston,USW00012960,2023-03-30,76,58,0.0,0
Houston,USW00012960,2023-03-31,84,73,0.0,0
Houston,USW00012960,2023-04-01,89,65,0.0,0
Houston,USW00012960,2023-04-02,83,63,0.0,0
Houston,USW00012960,2023-04-03,87,74,0.0,0
Houston,USW00012960,2023-04-04,83,73,0.0,0
Houston,USW00012960,2023-04-05,81,55,0.8,0
Houston,USW00012960,2023-04-06,64,55,0.82,0
Houston,USW00012960,2023-04-07,59,54,0.99,0
Houston,USW00012960,2023-04-08,72,54,0.0,0
Houston,USW00012960,2023-04-09,72,57,0.0,0
Houston,USW00012960,2023-04-10,68,57,0.0,0
Houston,USW00012960,2023-04-11,77,58,0.0,0
Houston,USW00012960,2023-04-12,76,55,0.0,0
Houston,USW00012960,2023-04-13,79,53,0.0,0
Houston,USW00012960,2023-04-14,78,57,0.0,0
Houston,USW00012960,2023-04-15,90,69,0.06,0
Houston,USW00012960,2023-04-16,76,55,0.0,0
Houston,USW00012960,2023-04-17,76,50,0.0,0
Houston,USW00012960,2023-04-18,78,60,0.05,0
Houston,USW00012960,2023-04-19,84,65,0.0,0
Houston,USW00012960,2023-04-20,78,64,1.26,0
Houston,USW00012960,2023-04-21,78,63,1.1,0
Houston,USW00012960,2023-04-22,77,56,0.0,0
Houston,USW00012960,2023-04-23,65,56,0.05,0
Houston,USW00012960,2023-04-24,74,54,0.0,0
Houston,USW00012960,2023-04-25,78,60,0.0,0
Houston,USW00012960,2023-04-26,81,65,0.15,0
Houston,USW00012960,2023-04-27,76,60,0.25,0
Houston,USW00012960,2023-04-28,82,56,0.34,0
Houston,USW00012960,2023-04-29,70,56,0.0,0
Houston,USW00012960,2023-04-30,85,53,0.0,0
Houston,USW00012960,2023-05-01,83,55,0.0,0
Houston,USW00012960,2023-05-02,81,63,0.0,0
Houston,USW00012960,2023-05-03,85,63,0.0,0
Houston,USW00012960,2023-05-04,82,63,0.0,0
Houston,USW00012960,2023-05-05,92,74,0.0,0
Houston,USW00012960,2023-05-06,90,67,0.04,0
Houston,USW00012960,2023-05-07,79,74,0.17,0
Houston,USW00012960,2023-05-08,84,63,1.19,0
Houston,USW00012960,2023-05-09,78,67,1.13,0
Houston,USW00012960,2023-05-10,74,66,2.32,0
Houston,USW00012960,2023-05-11,86,71,0.0,0
Houston,USW00012960,2023-05-12,88,77,0.0,0
Houston,USW00012960,2023-05-13,79,68,0.95,0
Houston,USW00012960,2023-05-14,83,69,1.29,0
Houston,USW00012960,2023-05-15,86,69,0.25,0
Houston,USW00012960,2023-05-16,88,67,1.28,0
Houston,USW00012960,2023-05-17,86,67,0.0,0
Houston,USW00012960,2023-05-18,90,65,0.0,0
Houston,USW00012960,2023-05-19,92,70,0.0,0
Houston,USW00012960,2023-05-20,90,72,0.0,0
Houston,USW00012960,2023-05-21,80,68,0.0,0
Houston,USW00012960,2023-05-22,86,69,0.0,0
Houston,USW00012960,2023-05-23,88,68,0.0,0
Houston,USW00012960,2023-05-24,87,67,0.0,0
Houston,USW00012960,2023-05-25,86,68,0.0,0
Houston,USW00012960,2023-05-26,90,69,0.0,0
Houston,USW00012960,2023-05-27,89,68,0.0,0
Houston,USW00012960,2023-05-28,88,68,0.0,0
Houston,USW00012960,2023-05-29,86,69,0.0,0
Houston,USW00012960,2023-05-30,90,67,0.04,0
Houston,USW00012960,2023-05-31,89,69,0.0,0
Houston,USW00012960,2023-06-01,89,67,0.0,0
Houston,USW00012960,2023-06-02,91,69,0.0,0
Houston,USW00012960,2023-06-03,94,72,0.0,0
Houston,USW00012960,2023-06-04,84,66,1.32,0
Houston,USW00012960,2023-06-05,89,68,0.88,0
Houston,USW00012960,2023-06-06,86,68,0.0,0
Houston,USW00012960,2023-06-07,90,68,0.03,0
Houston,USW00012960,2023-06-08,91,69,0.13,0
Houston,USW00012960,2023-06-09,95,67,0.0,0
Houston,USW00012960,2023-06-10,93,69,0.16,0
Houston,USW00012960,2023-06-11,94,69,0.0,0
Houston,USW00012960,2023-06-12,95,73,0.0,0
Houston,USW00012960,2023-06-13,94,74,0.0,0
Houston,USW00012960,2023-06-14,95,80,0.0,0
Houston,USW00012960,2023-06-15,98,81,0.0,0
Houston,USW00012960,2023-06-16,97,80,0.0,0
Houston,USW00012960,2023-06-17,97,82,0.0,0
Houston,USW00012960,2023-06-18,99,80,0.0,0
Houston,USW00012960,2023-06-19,100,81,0.0,1
Houston,USW00012960,2023-06-20,100,83,0.0,1
Houston,USW00012960,2023-06-21,100,72,0.71,1
Houston,USW00012960,2023-06-22,97,74,0.0,0
Houston,USW00012960,2023-06-23,98,77,0.01,0
Houston,USW00012960,2023-06-24,96,79,0.0,0
Houston,USW00012960,2023-06-25,98,81,0.0,0
Houston,USW00012960,2023-06-26,97,81,0.0,0
Houston,USW00012960,2023-06-27,99,81,0.0,0
Houston,USW00012960,2023-06-28,98,81,0.0,0
Houston,USW00012960,2023-06-29,98,80,0.0,0
Houston,USW00012960,2023-06-30,99,80,0.0,0
Houston,USW00012960,2023-07-01,100,79,0.0,1
Houston,USW00012960,2023-07-02,97,76,0.74,0
Houston,USW00012960,2023-07-03,98,77,0.0,0
Houston,USW00012960,2023-07-04,92,78,0.0,0
Houston,USW00012960,2023-07-05,94,77,0.06,0
Houston,USW00012960,2023-07-06,89,74,2.18,0
Houston,USW00012960,2023-07-07,91,73,0.0,0
Houston,USW00012960,2023-07-08,94,74,0.0,0
Houston,USW00012960,2023-07-09,96,80,0.0,0
Houston,USW00012960,2023-07-10,98,79,0.0,0
Houston,USW00012960,2023-07-11,98,81,0.0,0
Houston,USW00012960,2023-07-12,98,82,0.0,0
Houston,USW00012960,2023-07-13,99,82,0.0,0
Houston,USW00012960,2023-07-14,98,81,0.0,0
Houston,USW00012960,2023-07-15,99,81,0.0,0
Houston,USW00012960,2023-07-16,99,80,0.0,0
Houston,USW00012960,2023-07-17,99,81,0.0,0
Houston,USW00012960,2023-07-18,100,81,0.0,1
Houston,USW00012960,2023-07-19,100,80,0.0,1
Houston,USW00012960,2023-07-20,99,79,0.0,0
Houston,USW00012960,2023-07-21,99,78,0.0,0
Houston,USW00012960,2023-07-22,101,78,0.0,1
Houston,USW00012960,2023-07-23,100,75,0.0,1
Houston,USW00012960,2023-07-24,99,74,0.0,0
Houston,USW00012960,2023-07-25,98,75,0.0,0
Houston,USW00012960,2023-07-26,99,76,0.0,0
Houston,USW00012960,2023-07-27,97,75,0.0,0
Houston,USW00012960,2023-07-28,97,74,0.0,0
Houston,USW00012960,2023-07-29,98,75,0.0,0
Houston,USW00012960,2023-07-30,101,77,0.0,1
Houston,USW00012960,2023-07-31,103,80,0.0,1
Houston,USW00012960,2023-08-01,102,82,0.0,1
Houston,USW00012960,2023-08-02,102,78,0.0,1
Houston,USW00012960,2023-08-03,102,78,0.0,1
Houston,USW00012960,2023-08-04,102,82,0.0,1
Houston,USW00012960,2023-08-05,103,81,0.0,1
Houston,USW00012960,2023-08-06,102,82,0.0,1
Houston,USW00012960,2023-08-07,101,82,0.0,1
Houston,USW00012960,2023-08-08,102,82,0.0,1
Houston,USW00012960,2023-08-09,101,83,0.0,1
Houston,USW00012960,2023-08-10,103,82,0.0,1
Houston,USW00012960,2023-08-11,103,83,0.0,1
Houston,USW00012960,2023-08-12,103,83,0.0,1
Houston,USW00012960,2023-08-13,103,81,0.0,1
Houston,USW00012960,2023-08-14,104,81,0.0,1
Houston,USW00012960,2023-08-15,105,83,0.0,1
Houston,USW00012960,2023-08-16,101,73,0.0,1
Houston,USW00012960,2023-08-17,105,72,0.0,1
Houston,USW00012960,2023-08-18,103,81,0.0,1
Houston,USW00012960,2023-08-19,103,81,0.0,1
Houston,USW00012960,2023-08-20,108,82,0.0,1
Houston,USW00012960,2023-08-21,102,78,0.0,1
Houston,USW00012960,2023-08-22,97,82,0.0,0
Houston,USW00012960,2023-08-23,103,78,0.0,1
Houston,USW00012960,2023-08-24,109,80,0.01,1
Houston,USW00012960,2023-08-25,102,77,0.0,1
Houston,USW00012960,2023-08-26,104,78,0.0,1
Houston,USW00012960,2023-08-27,109,78,0.0,1
Houston,USW00012960,2023-08-28,99,77,0.0,0
Houston,USW00012960,2023-08-29,99,78,0.0,0
Houston,USW00012960,2023-08-30,101,72,0.0,1
Houston,USW00012960,2023-08-31,100,70,0.0,1
Houston,USW00012960,2023-09-01,102,72,0.0,1
Houston,USW00012960,2023-09-02,103,75,0.0,1
Houston,USW00012960,2023-09-03,100,79,0.0,1
Houston,USW00012960,2023-09-04,96,79,0.11,0
Houston,USW00012960,2023-09-05,101,83,0.0,1
Houston,USW00012960,2023-09-06,103,77,0.0,1
Houston,USW00012960,2023-09-07,104,81,0.0,1
Houston,USW00012960,2023-09-08,106,80,0.0,1
Houston,USW00012960,2023-09-09,97,71,0.34,0
Houston,USW00012960,2023-09-10,97,70,0.0,0
Houston,USW00012960,2023-09-11,96,67,0.0,0
Houston,USW00012960,2023-09-12,97,72,0.0,0
Houston,USW00012960,2023-09-13,95,76,0.0,0
Houston,USW00012960,2023-09-14,86,71,2.2,0
Houston,USW00012960,2023-09-15,91,71,0.02,0
Houston,USW00012960,2023-09-16,92,73,0.04,0
Houston,USW00012960,2023-09-17,95,73,0.0,0
Houston,USW00012960,2023-09-18,94,69,0.0,0
Houston,USW00012960,2023-09-19,93,68,0.0,0
Houston,USW00012960,2023-09-20,93,71,0.0,0
Houston,USW00012960,2023-09-21,97,75,0.0,0
Houston,USW00012960,2023-09-22,97,75,0.0,0
Houston,USW00012960,2023-09-23,97,75,0.0,0
Houston,USW00012960,2023-09-24,98,77,0.0,0
Houston,USW00012960,2023-09-25,97,73,0.06,0
Houston,USW00012960,2023-09-26,93,71,0.0,0
Houston,USW00012960,2023-09-27,96,72,0.0,0
Houston,USW00012960,2023-09-28,95,74,0.0,0
Houston,USW00012960,2023-09-29,94,74,0.0,0
Houston,USW00012960,2023-09-30,95,73,0.0,0
Houston,USW00012960,2023-10-01,96,71,0.0,0
Houston,USW00012960,2023-10-02,94,71,0.0,0
Houston,USW00012960,2023-10-03,80,73,1.17,0
Houston,USW00012960,2023-10-04,87,77,0.69,0
Houston,USW00012960,2023-10-05,81,71,1.14,0
Houston,USW00012960,2023-10-06,87,68,0.0,0
Houston,USW00012960,2023-10-07,76,61,0.0,0
Houston,USW00012960,2023-10-08,76,53,0.0,0
Houston,USW00012960,2023-10-09,83,55,0.0,0
Houston,USW00012960,2023-10-10,82,63,0.0,0
Houston,USW00012960,2023-10-11,72,60,0.39,0
Houston,USW00012960,2023-10-12,81,59,0.0,0
Houston,USW00012960,2023-10-13,90,65,0.0,0
Houston,USW00012960,2023-10-14,77,60,0.0,0
Houston,USW00012960,2023-10-15,74,55,0.0,0
Houston,USW00012960,2023-10-16,71,51,0.0,0
Houston,USW00012960,2023-10-17,74,47,0.0,0
Houston,USW00012960,2023-10-18,83,50,0.0,0
Houston,USW00012960,2023-10-19,87,59,0.0,0
Houston,USW00012960,2023-10-20,92,59,0.0,0
Houston,USW00012960,2023-10-21,93,60,0.0,0
Houston,USW00012960,2023-10-22,87,67,0.0,0
Houston,USW00012960,2023-10-23,87,71,0.02,0
Houston,USW00012960,2023-10-24,87,71,0.0,0
Houston,USW00012960,2023-10-25,86,71,0.0,0
Houston,USW00012960,2023-10-26,84,73,0.51,0
Houston,USW00012960,2023-10-27,87,74,0.0,0
Houston,USW00012960,2023-10-28,87,72,0.0,0
Houston,USW00012960,2023-10-29,89,53,0.0,0
Houston,USW00012960,2023-10-30,53,46,0.15,0
Houston,USW00012960,2023-10-31,62,46,0.0,0
Houston,USW00012960,2023-11-01,62,40,0.0,0
Houston,USW00012960,2023-11-02,67,37,0.0,0
Houston,USW00012960,2023-11-03,76,44,0.0,0
Houston,USW00012960,2023-11-04,80,54,0.0,0
Houston,USW00012960,2023-11-05,83,58,0.0,0
Houston,USW00012960,2023-11-06,83,58,0.0,0
Houston,USW00012960,2023-11-07,87,62,0.0,0
Houston,USW00012960,2023-11-08,85,66,0.0,0
Houston,USW00012960,2023-11-09,85,63,0.59,0
Houston,USW00012960,2023-11-10,69,54,0.38,0
Houston,USW00012960,2023-11-11,59,55,0.0,0
Houston,USW00012960,2023-11-12,68,58,0.17,0
Houston,USW00012960,2023-11-13,62,59,0.57,0
Houston,USW00012960,2023-11-14,73,58,0.0,0
Houston,USW00012960,2023-11-15,75,54,0.0,0
Houston,USW00012960,2023-11-16,66,58,0.0,0
Houston,USW00012960,2023-11-17,78,57,0.0,0
Houston,USW00012960,2023-11-18,75,57,0.0,0
Houston,USW00012960,2023-11-19,73,53,0.0,0
Houston,USW00012960,2023-11-20,82,65,0.04,0
Houston,USW00012960,2023-11-21,65,47,0.0,0
Houston,USW00012960,2023-11-22,60,43,0.0,0
Houston,USW00012960,2023-11-23,56,40,0.03,0
Houston,USW00012960,2023-11-24,68,45,0.0,0
Houston,USW00012960,2023-11-25,67,44,0.0,0
Houston,USW00012960,2023-11-26,61,45,0.06,0
Houston,USW00012960,2023-11-27,60,39,0.0,0
Houston,USW00012960,2023-11-28,63,43,0.0,0
Houston,USW00012960,2023-11-29,67,40,0.0,0
Houston,USW00012960,2023-11-30,70,58,0.52,0
Houston,USW00012960,2023-12-01,74,62,0.45,0
Houston,USW00012960,2023-12-02,65,54,0.0,0
Houston,USW00012960,2023-12-03,73,49,0.0,0
Houston,USW00012960,2023-12-04,71,48,0.0,0
Houston,USW00012960,2023-12-05,72,44,0.0,0
Houston,USW00012960,2023-12-06,68,44,0.0,0
Houston,USW00012960,2023-12-07,72,42,0.0,0
Houston,USW00012960,2023-12-08,78,61,0.04,0
Houston,USW00012960,2023-12-09,81,59,0.11,0
Houston,USW00012960,2023-12-10,60,39,0.0,0
Houston,USW00012960,2023-12-11,64,33,0.0,0
Houston,USW00012960,2023-12-12,67,41,0.0,0
Houston,USW00012960,2023-12-13,57,45,0.01,0
Houston,USW00012960,2023-12-14,73,52,0.0,0
Houston,USW00012960,2023-12-15,68,57,1.01,0
Houston,USW00012960,2023-12-16,63,49,0.06,0
Houston,USW00012960,2023-12-17,68,40,0.0,0
Houston,USW00012960,2023-12-18,74,43,0.0,0
Houston,USW00012960,2023-12-19,65,41,0.0,0
Houston,USW00012960,2023-12-20,70,48,0.0,0
Houston,USW00012960,2023-12-21,65,55,0.0,0
Houston,USW00012960,2023-12-22,72,56,0.0,0
Houston,USW00012960,2023-12-23,75,64,0.16,0
Houston,USW00012960,2023-12-24,68,54,0.73,0
Houston,USW00012960,2023-12-25,58,46,0.0,0
Houston,USW00012960,2023-12-26,58,39,0.0,0
Houston,USW00012960,2023-12-27,66,43,0.0,0
Houston,USW00012960,2023-12-28,58,39,0.0,0
Houston,USW00012960,2023-12-29,56,37,0.0,0
Houston,USW00012960,2023-12-30,66,35,0.0,0
Houston,USW00012960,2023-12-31,73,38,0.0,0
